s	color	count
63	chr1	433662634
63	chr2	458235482
63	chr3	378872332
63	chr4	361653490
63	chr5	340993558
63	chr6	326332724
63	chr7	297890886
63	chr8	275267452
63	chr9	228916604
63	chr10	253277864
63	chr11	253311036
63	chr12	252847600
63	chr13	188779406
63	chr14	174812944
63	chr15	157923484
63	chr16	150753488
63	chr17	151553320
63	chr18	145456032
63	chr19	107437794
63	chr20	120640758
63	chr21	68848218
63	chr22	73597750
63	chrX	278376822
63	chrY	38152272
63	chrM	29736
63	root	7111086
63	autosome_multigroup1	20919890
63	sex_multigroup1	7430210
63	acrocentric_multigroup1	12552582
63	metacentric_multigroup1	1297766
63	submetacentric_multigroup1	7758044
24	chr1	360922429
24	chr2	391845466
24	chr3	322865274
24	chr4	308549134
24	chr5	290607874
24	chr6	277622511
24	chr7	247008804
24	chr8	235692614
24	chr9	184337714
24	chr10	213084850
24	chr11	213826783
24	chr12	210967950
24	chr13	161912115
24	chr14	144333104
24	chr15	129304613
24	chr16	121256908
24	chr17	120406959
24	chr18	125802712
24	chr19	78369268
24	chr20	99895298
24	chr21	56494497
24	chr22	55370761
24	chrX	224417560
24	chrY	24631685
24	chrM	21992
24	root	28572316
24	autosome_multigroup1	60665169
24	sex_multigroup1	7739917
24	acrocentric_multigroup1	7056125
24	metacentric_multigroup1	2790770
24	submetacentric_multigroup1	25234448
32	chr1	388057619
32	chr2	417863955
32	chr3	345077937
32	chr4	329953767
32	chr5	310573590
32	chr6	296881656
32	chr7	266491159
32	chr8	251665874
32	chr9	199227208
32	chr10	228617323
32	chr11	229232848
32	chr12	227139267
32	chr13	172567009
32	chr14	155663468
32	chr15	139738388
32	chr16	131906854
32	chr17	131252632
32	chr18	133618065
32	chr19	88470290
32	chr20	107532704
32	chr21	60967428
32	chr22	61318435
32	chrX	246541433
32	chrY	29279787
32	chrM	25122
32	root	20482231
32	autosome_multigroup1	48913383
32	sex_multigroup1	7991811
32	acrocentric_multigroup1	9119136
32	metacentric_multigroup1	2386705
32	submetacentric_multigroup1	19003286
48	chr1	418943045
48	chr2	445603898
48	chr3	368419600
48	chr4	351907837
48	chr5	331545064
48	chr6	317291400
48	chr7	288069485
48	chr8	268125486
48	chr9	217993701
48	chr10	245618988
48	chr11	245804983
48	chr12	244924939
48	chr13	183622587
48	chr14	168536950
48	chr15	151910728
48	chr16	144702711
48	chr17	144938950
48	chr18	141759640
48	chr19	101344552
48	chr20	116421446
48	chr21	66155246
48	chr22	69203021
48	chrX	268531585
48	chrY	34795989
48	chrM	28322
48	root	11700898
48	autosome_multigroup1	32631108
48	sex_multigroup1	7837081
48	acrocentric_multigroup1	11525674
48	metacentric_multigroup1	1802929
48	submetacentric_multigroup1	12159272
56	chr1	428014419
56	chr2	453449529
56	chr3	374925765
56	chr4	357953753
56	chr5	337411545
56	chr6	322941630
56	chr7	294185161
56	chr8	272592177
56	chr9	224414488
56	chr10	250397788
56	chr11	250469395
56	chr12	249893251
56	chr13	186780228
56	chr14	172374333
56	chr15	155588043
56	chr16	148453500
56	chr17	149061096
56	chr18	144048125
56	chr19	105163727
56	chr20	119037158
56	chr21	67772139
56	chr22	71833594
56	chrX	274586022
56	chrY	36711501
56	chrM	29178
56	root	8927083
56	autosome_multigroup1	25863653
56	sex_multigroup1	7637338
56	acrocentric_multigroup1	12167834
56	metacentric_multigroup1	1518025
56	submetacentric_multigroup1	9610625
16	chr1	58217401
16	chr2	61274775
16	chr3	48416723
16	chr4	43826836
16	chr5	43483242
16	chr6	41955721
16	chr7	38468480
16	chr8	36260958
16	chr9	29322213
16	chr10	34544217
16	chr11	34117445
16	chr12	32617926
16	chr13	23455442
16	chr14	22302673
16	chr15	20976220
16	chr16	21987699
16	chr17	22002779
16	chr18	19251209
16	chr19	15614812
16	chr20	17319646
16	chr21	9038938
16	chr22	10670044
16	chrX	32113924
16	chrY	3179397
16	chrM	6609
16	root	181186681
16	autosome_multigroup1	494288041
16	sex_multigroup1	1431541
16	acrocentric_multigroup1	4928762
16	metacentric_multigroup1	13750654
16	submetacentric_multigroup1	184459501
62	chr1	432964331
62	chr2	457646962
62	chr3	378387981
62	chr4	361196989
62	chr5	340552834
62	chr6	325919392
62	chr7	297437422
62	chr8	274940878
62	chr9	228327375
62	chr10	252927350
62	chr11	252961949
62	chr12	252490421
62	chr13	188528789
62	chr14	174507648
62	chr15	157631215
62	chr16	150470041
62	chr17	151252246
62	chr18	145282200
62	chr19	107163692
62	chr20	120443801
62	chr21	68710444
62	chr22	73372229
62	chrX	277904415
62	chrY	37957011
62	chrM	29662
62	root	7337566
62	autosome_multigroup1	21552406
62	sex_multigroup1	7461197
62	acrocentric_multigroup1	12505552
62	metacentric_multigroup1	1327085
62	submetacentric_multigroup1	7998037
15	chr1	14426392
15	chr2	14753718
15	chr3	11141000
15	chr4	9978700
15	chr5	10150642
15	chr6	10032988
15	chr7	9629944
15	chr8	8797026
15	chr9	7364744
15	chr10	8790800
15	chr11	8438894
15	chr12	8024208
15	chr13	5571636
15	chr14	5503362
15	chr15	5334236
15	chr16	6230702
15	chr17	6288324
15	chr18	4695640
15	chr19	5008632
15	chr20	4627522
15	chr21	2406526
15	chr22	3190376
15	chrX	7394364
15	chrY	752420
15	chrM	2828
15	root	161676124
15	autosome_multigroup1	266030090
15	sex_multigroup1	377356
15	acrocentric_multigroup1	1483498
15	metacentric_multigroup1	4284016
15	submetacentric_multigroup1	56402676
23	chr1	356049888
23	chr2	386968238
23	chr3	318696422
23	chr4	304486124
23	chr5	286861822
23	chr6	274038096
23	chr7	243522136
23	chr8	232680298
23	chr9	181743220
23	chr10	210258786
23	chr11	210990578
23	chr12	208040758
23	chr13	159871580
23	chr14	142311412
23	chr15	127467854
23	chr16	119447084
23	chr17	118623410
23	chr18	124307436
23	chr19	76768440
23	chr20	98540718
23	chr21	55700484
23	chr22	54428396
23	chrX	220328222
23	chrY	23864808
23	chrM	21458
23	root	30203876
23	autosome_multigroup1	63779518
23	sex_multigroup1	7662344
23	acrocentric_multigroup1	6778466
23	metacentric_multigroup1	2927882
23	submetacentric_multigroup1	27121278
31	chr1	385307756
31	chr2	415304186
31	chr3	342901188
31	chr4	327874334
31	chr5	308617200
31	chr6	294983422
31	chr7	264527454
31	chr8	250109980
31	chr9	197674642
31	chr10	227064174
31	chr11	227705646
31	chr12	225515896
31	chr13	171534328
31	chr14	154514666
31	chr15	138669982
31	chr16	130792716
31	chr17	130094500
31	chr18	132858202
31	chr19	87378864
31	chr20	106752148
31	chr21	60512150
31	chr22	60673280
31	chrX	244413340
31	chrY	28802522
31	chrM	24802
31	root	21266240
31	autosome_multigroup1	50056456
31	sex_multigroup1	7981078
31	acrocentric_multigroup1	8894152
31	metacentric_multigroup1	2421618
31	submetacentric_multigroup1	19553218
47	chr1	417566876
47	chr2	444405262
47	chr3	367419732
47	chr4	350978580
47	chr5	330643774
47	chr6	316419932
47	chr7	287131500
47	chr8	267433602
47	chr9	217078356
47	chr10	244882890
47	chr11	245089630
47	chr12	244157998
47	chr13	183144126
47	chr14	167961130
47	chr15	151360514
47	chr16	144131028
47	chr17	144312350
47	chr18	141410132
47	chr19	100760026
47	chr20	116023200
47	chr21	65917394
47	chr22	68822090
47	chrX	267608978
47	chrY	34529900
47	chrM	28196
47	root	12105606
47	autosome_multigroup1	33550614
47	sex_multigroup1	7858124
47	acrocentric_multigroup1	11425728
47	metacentric_multigroup1	1840310
47	submetacentric_multigroup1	12513840
55	chr1	427049236
55	chr2	452622726
55	chr3	374243236
55	chr4	357317298
55	chr5	336793700
55	chr6	322350800
55	chr7	293542216
55	chr8	272126230
55	chr9	223693246
55	chr10	249896802
55	chr11	249979340
55	chr12	249374802
55	chr13	186442746
55	chr14	171962476
55	chr15	155193218
55	chr16	148057730
55	chr17	148625314
55	chr18	143806340
55	chr19	104764874
55	chr20	118760370
55	chr21	67594644
55	chr22	71543050
55	chrX	273941870
55	chrY	36490070
55	chrM	29082
55	root	9231702
55	autosome_multigroup1	26655456
55	sex_multigroup1	7664970
55	acrocentric_multigroup1	12101140
55	metacentric_multigroup1	1551930
55	submetacentric_multigroup1	9904724
14	chr1	2639392
14	chr2	2623132
14	chr3	1927960
14	chr4	1725746
14	chr5	1775862
14	chr6	1788916
14	chr7	1751854
14	chr8	1564561
14	chr9	1333707
14	chr10	1598391
14	chr11	1520718
14	chr12	1449231
14	chr13	974815
14	chr14	991947
14	chr15	968681
14	chr16	1206024
14	chr17	1231122
14	chr18	829530
14	chr19	1064983
14	chr20	857415
14	chr21	443981
14	chr22	625156
14	chrX	1280074
14	chrY	130985
14	chrM	831
14	root	99296192
14	autosome_multigroup1	80064899
14	sex_multigroup1	77747
14	acrocentric_multigroup1	394565
14	metacentric_multigroup1	1225783
14	submetacentric_multigroup1	14371705
61	chr1	432232792
61	chr2	457029518
61	chr3	377879722
61	chr4	360718512
61	chr5	340090372
61	chr6	325484882
61	chr7	296961258
61	chr8	274597378
61	chr9	227721270
61	chr10	252558122
61	chr11	252595892
61	chr12	252113390
61	chr13	188267262
61	chr14	174189562
61	chr15	157326180
61	chr16	150172894
61	chr17	150934130
61	chr18	145099722
61	chr19	106874122
61	chr20	120236678
61	chr21	68567700
61	chr22	73138570
61	chrX	277410640
61	chrY	37758498
61	chrM	29588
61	root	7574562
61	autosome_multigroup1	22208930
61	sex_multigroup1	7491710
61	acrocentric_multigroup1	12456226
61	metacentric_multigroup1	1357326
61	submetacentric_multigroup1	8246096
22	chr1	350111748
22	chr2	380898770
22	chr3	313512945
22	chr4	299396649
22	chr5	282201077
22	chr6	269588230
22	chr7	239281933
22	chr8	228931996
22	chr9	178604755
22	chr10	206801422
22	chr11	207508457
22	chr12	204463430
22	chr13	157298433
22	chr14	139853245
22	chr15	125258424
22	chr16	117310823
22	chr17	116530466
22	chr18	122424156
22	chr19	74968267
22	chr20	96907994
22	chr21	54733830
22	chr22	53354042
22	chrX	215451826
22	chrY	23007578
22	chrM	20886
22	root	32425720
22	autosome_multigroup1	69078802
22	sex_multigroup1	7558204
22	acrocentric_multigroup1	6526984
22	metacentric_multigroup1	3186581
22	submetacentric_multigroup1	30547839
30	chr1	382420991
30	chr2	412599789
30	chr3	340598690
30	chr4	325670944
30	chr5	306547382
30	chr6	292977232
30	chr7	262461066
30	chr8	248461086
30	chr9	196060588
30	chr10	225427609
30	chr11	226093270
30	chr12	223807595
30	chr13	170440053
30	chr14	153309179
30	chr15	137552647
30	chr16	129631662
30	chr17	128892452
30	chr18	132053248
30	chr19	86247781
30	chr20	105935487
30	chr21	60034911
30	chr22	60006097
30	chrX	242147264
30	chrY	28300913
30	chrM	24472
30	root	22095731
30	autosome_multigroup1	51233294
30	sex_multigroup1	7966019
30	acrocentric_multigroup1	8658747
30	metacentric_multigroup1	2457968
30	submetacentric_multigroup1	20132494
46	chr1	416130489
46	chr2	443150022
46	chr3	366372338
46	chr4	350004729
46	chr5	329701530
46	chr6	315507585
46	chr7	286150841
46	chr8	266706926
46	chr9	216134810
46	chr10	244111945
46	chr11	244341946
46	chr12	243354848
46	chr13	182645030
46	chr14	167362530
46	chr15	150787707
46	chr16	143535144
46	chr17	143659948
46	chr18	141044312
46	chr19	100150405
46	chr20	115607689
46	chr21	65670447
46	chr22	68428900
46	chrX	266644133
46	chrY	34256252
46	chrM	28064
46	root	12523553
46	autosome_multigroup1	34477995
46	sex_multigroup1	7878379
46	acrocentric_multigroup1	11320676
46	metacentric_multigroup1	1877273
46	submetacentric_multigroup1	12874238
54	chr1	426038224
54	chr2	451753917
54	chr3	373525652
54	chr4	356649598
54	chr5	336144995
54	chr6	321728667
54	chr7	292866859
54	chr8	271635255
54	chr9	222949868
54	chr10	249369805
54	chr11	249464038
54	chr12	248828633
54	chr13	186090276
54	chr14	171532306
54	chr15	154780800
54	chr16	147642285
54	chr17	148168170
54	chr18	143552962
54	chr19	104344259
54	chr20	118469976
54	chr21	67410721
54	chr22	71241768
54	chrX	273267947
54	chrY	36263872
54	chrM	28984
54	root	9548375
54	autosome_multigroup1	27468138
54	sex_multigroup1	7692048
54	acrocentric_multigroup1	12030836
54	metacentric_multigroup1	1587049
54	submetacentric_multigroup1	10206125
13	chr1	230862
13	chr2	216490
13	chr3	153100
13	chr4	138346
13	chr5	146874
13	chr6	152026
13	chr7	153108
13	chr8	129948
13	chr9	117062
13	chr10	138212
13	chr11	131332
13	chr12	124662
13	chr13	79232
13	chr14	86586
13	chr15	85254
13	chr16	116186
13	chr17	121494
13	chr18	69984
13	chr19	117344
13	chr20	77628
13	chr21	39818
13	chr22	61860
13	chrX	102552
13	chrY	10918
13	chrM	140
13	root	41908916
13	autosome_multigroup1	18099026
13	sex_multigroup1	8228
13	acrocentric_multigroup1	43416
13	metacentric_multigroup1	149228
13	submetacentric_multigroup1	1764988
60	chr1	431465539
60	chr2	456381606
60	chr3	377344867
60	chr4	360216597
60	chr5	339605057
60	chr6	325027032
60	chr7	296460152
60	chr8	274235871
60	chr9	227097872
60	chr10	252168946
60	chr11	252210775
60	chr12	251715229
60	chr13	187994578
60	chr14	173857281
60	chr15	157007744
60	chr16	149861045
60	chr17	150597717
60	chr18	144909047
60	chr19	106567292
60	chr20	120019160
60	chr21	68419947
60	chr22	72896115
60	chrX	276894184
60	chrY	37556357
60	chrM	29512
60	root	7823116
60	autosome_multigroup1	22893190
60	sex_multigroup1	7521959
60	acrocentric_multigroup1	12404350
60	metacentric_multigroup1	1388277
60	submetacentric_multigroup1	8503535
21	chr1	341844404
21	chr2	372187268
21	chr3	306115770
21	chr4	292036558
21	chr5	275523658
21	chr6	263217088
21	chr7	233376660
21	chr8	223570192
21	chr9	174266800
21	chr10	201962248
21	chr11	202630950
21	chr12	199463406
21	chr13	153536506
21	chr14	136430150
21	chr15	122227128
21	chr16	114471114
21	chr17	113756072
21	chr18	119670944
21	chr19	72751956
21	chr20	94676170
21	chr21	53386334
21	chr22	51992868
21	chrX	208980618
21	chrY	21981606
21	chrM	20274
21	root	36061694
21	autosome_multigroup1	79959376
21	sex_multigroup1	7400972
21	acrocentric_multigroup1	6357148
21	metacentric_multigroup1	3749642
21	submetacentric_multigroup1	37904722
29	chr1	379382520
29	chr2	409733680
29	chr3	338153754
29	chr4	323325940
29	chr5	304349450
29	chr6	290849962
29	chr7	260280524
29	chr8	246708974
29	chr9	194376032
29	chr10	223698002
29	chr11	224387780
29	chr12	222007062
29	chr13	169275862
29	chr14	152038876
29	chr15	136377978
29	chr16	128417614
29	chr17	127643062
29	chr18	131199558
29	chr19	85075080
29	chr20	105077072
29	chr21	59532942
29	chr22	59313354
29	chrX	239726546
29	chrY	27772178
29	chrM	24104
29	root	22975498
29	autosome_multigroup1	52457600
29	sex_multigroup1	7946036
29	acrocentric_multigroup1	8413180
29	metacentric_multigroup1	2496886
29	submetacentric_multigroup1	20748420
45	chr1	414633346
45	chr2	441837702
45	chr3	365276976
45	chr4	348984700
45	chr5	328714882
45	chr6	314549568
45	chr7	285124544
45	chr8	265944346
45	chr9	215162648
45	chr10	243305370
45	chr11	243559962
45	chr12	242513824
45	chr13	182123390
45	chr14	166737710
45	chr15	150191550
45	chr16	142912672
45	chr17	142979570
45	chr18	140661516
45	chr19	99514158
45	chr20	115173334
45	chr21	65414650
45	chr22	68022956
45	chrX	265633680
45	chrY	33974728
45	chrM	27924
45	root	12956148
45	autosome_multigroup1	35420102
45	sex_multigroup1	7897448
45	acrocentric_multigroup1	11210388
45	metacentric_multigroup1	1914362
45	submetacentric_multigroup1	13243508
53	chr1	424980508
53	chr2	450843226
53	chr3	372772430
53	chr4	355949042
53	chr5	335464526
53	chr6	321075050
53	chr7	292157296
53	chr8	271118576
53	chr9	222183904
53	chr10	248816252
53	chr11	248923140
53	chr12	248254042
53	chr13	185722520
53	chr14	171083440
53	chr15	154349992
53	chr16	147206160
53	chr17	147688412
53	chr18	143287046
53	chr19	103901426
53	chr20	118165930
53	chr21	67220004
53	chr22	70929674
53	chrX	272563668
53	chrY	36032698
53	chrM	28882
53	root	9876548
53	autosome_multigroup1	28293650
53	sex_multigroup1	7718018
53	acrocentric_multigroup1	11956684
53	metacentric_multigroup1	1622118
53	submetacentric_multigroup1	10512100
12	chr1	8427
12	chr2	7624
12	chr3	5318
12	chr4	4901
12	chr5	5428
12	chr6	5405
12	chr7	5317
12	chr8	4722
12	chr9	4150
12	chr10	4972
12	chr11	4628
12	chr12	4601
12	chr13	2679
12	chr14	3050
12	chr15	3286
12	chr16	4220
12	chr17	4415
12	chr18	2447
12	chr19	4597
12	chr20	2744
12	chr21	1379
12	chr22	2214
12	chrX	3511
12	chrY	453
12	chrM	6
12	root	14255694
12	autosome_multigroup1	2246499
12	sex_multigroup1	360
12	acrocentric_multigroup1	2517
12	metacentric_multigroup1	9630
12	submetacentric_multigroup1	118129
59	chr1	430661900
59	chr2	455701398
59	chr3	376783410
59	chr4	359690222
59	chr5	339095640
59	chr6	324544882
59	chr7	295933218
59	chr8	273855546
59	chr9	226456816
59	chr10	251759532
59	chr11	251806558
59	chr12	251294824
59	chr13	187710102
59	chr14	173510644
59	chr15	156675776
59	chr16	149533662
59	chr17	150243070
59	chr18	144709276
59	chr19	106243472
59	chr20	119791092
59	chr21	68266646
59	chr22	72644532
59	chrX	276354768
59	chrY	37350848
59	chrM	29436
59	root	8082296
59	autosome_multigroup1	23600382
59	sex_multigroup1	7551524
59	acrocentric_multigroup1	12349454
59	metacentric_multigroup1	1419874
59	submetacentric_multigroup1	8767700
20	chr1	327979365
20	chr2	357144474
20	chr3	293393826
20	chr4	279268846
20	chr5	264005178
20	chr6	252229305
20	chr7	223470911
20	chr8	214360601
20	chr9	167045220
20	chr10	193814253
20	chr11	194406499
20	chr12	191060066
20	chr13	146922028
20	chr14	130681731
20	chr15	117230404
20	chr16	109950684
20	chr17	109310863
20	chr18	114819811
20	chr19	69550428
20	chr20	91000344
20	chr21	51122704
20	chr22	49928395
20	chrX	198875885
20	chrY	20587153
20	chrM	19476
20	root	43227123
20	autosome_multigroup1	105122465
20	sex_multigroup1	7124329
20	acrocentric_multigroup1	6393281
20	metacentric_multigroup1	5088600
20	submetacentric_multigroup1	55009128
28	chr1	376171525
28	chr2	406684148
28	chr3	335548284
28	chr4	320821642
28	chr5	302008262
28	chr6	288586539
28	chr7	257973636
28	chr8	244838396
28	chr9	192608453
28	chr10	221865722
28	chr11	222575391
28	chr12	220097398
28	chr13	168031499
28	chr14	150696249
28	chr15	135139556
28	chr16	127146036
28	chr17	126340581
28	chr18	130286287
28	chr19	83854031
28	chr20	104172671
28	chr21	59002313
28	chr22	58592851
28	chrX	237131231
28	chrY	27214407
28	chrM	23726
28	root	23915099
28	autosome_multigroup1	53758663
28	sex_multigroup1	7920459
28	acrocentric_multigroup1	8158016
28	metacentric_multigroup1	2538250
28	submetacentric_multigroup1	21418924
44	chr1	413072855
44	chr2	440465147
44	chr3	364130538
44	chr4	347915378
44	chr5	327681833
44	chr6	313546969
44	chr7	284051713
44	chr8	265144943
44	chr9	214161293
44	chr10	242461297
44	chr11	242740153
44	chr12	241632383
44	chr13	181578360
44	chr14	166087003
44	chr15	149571603
44	chr16	142262986
44	chr17	142272299
44	chr18	140260725
44	chr19	98850635
44	chr20	114720543
44	chr21	65148538
44	chr22	67603588
44	chrX	264574435
44	chrY	33684955
44	chrM	27776
44	root	13404448
44	autosome_multigroup1	36374571
44	sex_multigroup1	7915298
44	acrocentric_multigroup1	11094200
44	metacentric_multigroup1	1952177
44	submetacentric_multigroup1	13622017
52	chr1	423876211
52	chr2	449889335
52	chr3	371983103
52	chr4	355215296
52	chr5	334751683
52	chr6	320389168
52	chr7	291414882
52	chr8	270576690
52	chr9	221394746
52	chr10	248235902
52	chr11	248356586
52	chr12	247650896
52	chr13	185338218
52	chr14	170615430
52	chr15	153901324
52	chr16	146749746
52	chr17	147186533
52	chr18	143008635
52	chr19	103436711
52	chr20	117847946
52	chr21	67022422
52	chr22	70606986
52	chrX	271827856
52	chrY	35796497
52	chrM	28780
52	root	10216346
52	autosome_multigroup1	29127409
52	sex_multigroup1	7743414
52	acrocentric_multigroup1	11878496
52	metacentric_multigroup1	1657587
52	submetacentric_multigroup1	10823933
11	chr1	32
11	chr2	38
11	chr3	8
11	chr4	16
11	chr5	14
11	chr6	20
11	chr7	32
11	chr8	24
11	chr9	24
11	chr10	22
11	chr11	20
11	chr12	32
11	chr13	8
11	chr14	8
11	chr15	14
11	chr16	18
11	chr17	14
11	chr18	16
11	chr19	16
11	chr20	18
11	chr21	6
11	chr22	8
11	chrX	10
11	chrY	2
11	chrM	0
11	root	4056580
11	autosome_multigroup1	135874
11	sex_multigroup1	10
11	acrocentric_multigroup1	14
11	metacentric_multigroup1	76
11	submetacentric_multigroup1	1224
58	chr1	429820559
58	chr2	454987310
58	chr3	376194638
58	chr4	359139357
58	chr5	338561442
58	chr6	324038031
58	chr7	295379492
58	chr8	273456024
58	chr9	225796701
58	chr10	251328454
58	chr11	251382837
58	chr12	250852225
58	chr13	187413500
58	chr14	173148620
58	chr15	156329334
58	chr16	149190863
58	chr17	149869744
58	chr18	144499651
58	chr19	105902370
58	chr20	119551820
58	chr21	68107972
58	chr22	72383936
58	chrX	275791514
58	chrY	37141823
58	chrM	29354
58	root	8352026
58	autosome_multigroup1	24329404
58	sex_multigroup1	7580585
58	acrocentric_multigroup1	12291806
58	metacentric_multigroup1	1452467
58	submetacentric_multigroup1	9040431
27	chr1	372762354
27	chr2	403420238
27	chr3	332759336
27	chr4	318134772
27	chr5	299502028
27	chr6	286165938
27	chr7	255522018
27	chr8	242831312
27	chr9	190741880
27	chr10	219913292
27	chr11	220640614
27	chr12	218064476
27	chr13	166693928
27	chr14	149271780
27	chr15	133828254
27	chr16	125806976
27	chr17	124976088
27	chr18	129306680
27	chr19	82580744
27	chr20	103215028
27	chr21	58439282
27	chr22	57842688
27	chrX	234338722
27	chrY	26625182
27	chrM	23336
27	root	24926182
27	autosome_multigroup1	55166174
27	sex_multigroup1	7888242
27	acrocentric_multigroup1	7893934
27	metacentric_multigroup1	2584340
27	submetacentric_multigroup1	22161452
43	chr1	411446630
43	chr2	439028708
43	chr3	362930990
43	chr4	346793884
43	chr5	326601382
43	chr6	312495634
43	chr7	282930644
43	chr8	264305754
43	chr9	213128866
43	chr10	241578178
43	chr11	241881796
43	chr12	240710008
43	chr13	181009154
43	chr14	165409162
43	chr15	148926222
43	chr16	141585488
43	chr17	141536446
43	chr18	139841556
43	chr19	98159414
43	chr20	114249164
43	chr21	64872286
43	chr22	67170156
43	chrX	263464602
43	chrY	33385908
43	chrM	27620
43	root	13868930
43	autosome_multigroup1	37340720
43	sex_multigroup1	7931580
43	acrocentric_multigroup1	10971866
43	metacentric_multigroup1	1989640
43	submetacentric_multigroup1	14010908
19	chr1	300809338
19	chr2	327114202
19	chr3	268159664
19	chr4	253954294
19	chr5	241130728
19	chr6	230378150
19	chr7	204173268
19	chr8	196058732
19	chr9	152975292
19	chr10	177771256
19	chr11	178231954
19	chr12	174641538
19	chr13	133696608
19	chr14	119449350
19	chr15	107526648
19	chr16	101339262
19	chr17	100784616
19	chr18	105017228
19	chr19	63982078
19	chr20	83842422
19	chr21	46697976
19	chr22	46118572
19	chrX	180452356
19	chrY	18377260
19	chrM	18286
19	root	58768792
19	autosome_multigroup1	164002372
19	sex_multigroup1	6570826
19	acrocentric_multigroup1	6858860
19	metacentric_multigroup1	8150726
19	submetacentric_multigroup1	93518626
10	chr1	0
10	chr2	0
10	chr3	0
10	chr4	0
10	chr5	0
10	chr6	0
10	chr7	0
10	chr8	0
10	chr9	0
10	chr10	0
10	chr11	0
10	chr12	0
10	chr13	0
10	chr14	0
10	chr15	0
10	chr16	0
10	chr17	0
10	chr18	0
10	chr19	0
10	chr20	0
10	chr21	0
10	chr22	0
10	chrX	0
10	chrY	0
10	chrM	0
10	root	1046363
10	autosome_multigroup1	2213
10	sex_multigroup1	0
10	acrocentric_multigroup1	0
10	metacentric_multigroup1	0
10	submetacentric_multigroup1	0
51	chr1	422723608
51	chr2	448891012
51	chr3	371155530
51	chr4	354446424
51	chr5	334005726
51	chr6	319669338
51	chr7	290636738
51	chr8	270008270
51	chr9	220581988
51	chr10	247628048
51	chr11	247763180
51	chr12	247018354
51	chr13	184937264
51	chr14	170128194
51	chr15	153433830
51	chr16	146272154
51	chr17	146662040
51	chr18	142718140
51	chr19	102950056
51	chr20	117515120
51	chr21	66817614
51	chr22	70273366
51	chrX	271059088
51	chrY	35555184
51	chrM	28670
51	root	10567830
51	autosome_multigroup1	29975712
51	sex_multigroup1	7768122
51	acrocentric_multigroup1	11796708
51	metacentric_multigroup1	1693482
51	submetacentric_multigroup1	11143812
57	chr1	428938164
57	chr2	454237396
57	chr3	375575660
57	chr4	358560946
57	chr5	338000532
57	chr6	323503770
57	chr7	294796918
57	chr8	273035050
57	chr9	225115708
57	chr10	250874750
57	chr11	250937108
57	chr12	250385104
57	chr13	187103390
57	chr14	172769706
57	chr15	155966712
57	chr16	148830980
57	chr17	149475694
57	chr18	144279280
57	chr19	105542304
57	chr20	119300604
57	chr21	67943194
57	chr22	72113590
57	chrX	275202106
57	chrY	36928752
57	chrM	29270
57	root	8633790
57	autosome_multigroup1	25087684
57	sex_multigroup1	7609194
57	acrocentric_multigroup1	12231394
57	metacentric_multigroup1	1485314
57	submetacentric_multigroup1	9323606
26	chr1	369123853
26	chr2	399905169
26	chr3	329754633
26	chr4	315231748
26	chr5	296801205
26	chr6	283563106
26	chr7	252903810
26	chr8	240665482
26	chr9	188759490
26	chr10	217823025
26	chr11	218561301
26	chr12	215889103
26	chr13	165247972
26	chr14	147752289
26	chr15	132431282
26	chr16	124391684
26	chr17	123541388
26	chr18	128247150
26	chr19	81248573
26	chr20	102193695
26	chr21	57840209
26	chr22	57060522
26	chrX	231319207
26	chrY	26001604
26	chrM	22912
26	root	26019704
26	autosome_multigroup1	56709524
26	sex_multigroup1	7848929
26	acrocentric_multigroup1	7620537
26	metacentric_multigroup1	2638107
26	submetacentric_multigroup1	22993385
42	chr1	409750142
42	chr2	437525980
42	chr3	361674681
42	chr4	345618215
42	chr5	325471469
42	chr6	311393841
42	chr7	281757001
42	chr8	263424647
42	chr9	212063488
42	chr10	240655392
42	chr11	240984472
42	chr12	239743365
42	chr13	180413323
42	chr14	164702246
42	chr15	148254380
42	chr16	140877947
42	chr17	140771117
42	chr18	139402514
42	chr19	97440598
42	chr20	113757796
42	chr21	64585100
42	chr22	66721645
42	chrX	262299817
42	chrY	33077706
42	chrM	27450
42	root	14350519
42	autosome_multigroup1	38322150
42	sex_multigroup1	7946547
42	acrocentric_multigroup1	10843797
42	metacentric_multigroup1	2027856
42	submetacentric_multigroup1	14408906
9	chr1	0
9	chr2	0
9	chr3	0
9	chr4	0
9	chr5	0
9	chr6	0
9	chr7	0
9	chr8	0
9	chr9	0
9	chr10	0
9	chr11	0
9	chr12	0
9	chr13	0
9	chr14	0
9	chr15	0
9	chr16	0
9	chr17	0
9	chr18	0
9	chr19	0
9	chr20	0
9	chr21	0
9	chr22	0
9	chrX	0
9	chrY	0
9	chrM	0
9	root	262144
9	autosome_multigroup1	0
9	sex_multigroup1	0
9	acrocentric_multigroup1	0
9	metacentric_multigroup1	0
9	submetacentric_multigroup1	0
18	chr1	246114529
18	chr2	266484920
18	chr3	217555521
18	chr4	204004605
18	chr5	195363066
18	chr6	186683442
18	chr7	165855129
18	chr8	159292427
18	chr9	124793896
18	chr10	145393919
18	chr11	145616664
18	chr12	141928017
18	chr13	107496988
18	chr14	97061946
18	chr15	88029827
18	chr16	83950205
18	chr17	83499242
18	chr18	85198174
18	chr19	53326875
18	chr20	69239698
18	chr21	37918450
18	chr22	38461535
18	chrX	145404515
18	chrY	14583220
18	chrM	16042
18	root	90859312
18	autosome_multigroup1	285735772
18	sex_multigroup1	5452839
18	acrocentric_multigroup1	7822231
18	metacentric_multigroup1	13849224
18	submetacentric_multigroup1	164645608
50	chr1	421519070
50	chr2	447845181
50	chr3	370285943
50	chr4	353639813
50	chr5	333224081
50	chr6	318913874
50	chr7	289820646
50	chr8	269411142
50	chr9	219744536
50	chr10	246989917
50	chr11	247140894
50	chr12	246353856
50	chr13	184518251
50	chr14	169619703
50	chr15	152946329
50	chr16	145772526
50	chr17	146113538
50	chr18	142413181
50	chr19	102439147
50	chr20	117166621
50	chr21	66604671
50	chr22	69928085
50	chrX	270255022
50	chrY	35308235
50	chrM	28554
50	root	10931570
50	autosome_multigroup1	30845445
50	sex_multigroup1	7792011
50	acrocentric_multigroup1	11710874
50	metacentric_multigroup1	1729500
50	submetacentric_multigroup1	11472804
8	chr1	0
8	chr2	0
8	chr3	0
8	chr4	0
8	chr5	0
8	chr6	0
8	chr7	0
8	chr8	0
8	chr9	0
8	chr10	0
8	chr11	0
8	chr12	0
8	chr13	0
8	chr14	0
8	chr15	0
8	chr16	0
8	chr17	0
8	chr18	0
8	chr19	0
8	chr20	0
8	chr21	0
8	chr22	0
8	chrX	0
8	chrY	0
8	chrM	0
8	root	65536
8	autosome_multigroup1	0
8	sex_multigroup1	0
8	acrocentric_multigroup1	0
8	metacentric_multigroup1	0
8	submetacentric_multigroup1	0
49	chr1	420260010
49	chr2	446750110
49	chr3	369374604
49	chr4	352793748
49	chr5	332404506
49	chr6	318122212
49	chr7	288965088
49	chr8	268784110
49	chr9	218882142
49	chr10	246320536
49	chr11	246488544
49	chr12	245656384
49	chr13	184080584
49	chr14	169089276
49	chr15	152439218
49	chr16	145249736
49	chr17	145539340
49	chr18	142093996
49	chr19	101904152
49	chr20	116802444
49	chr21	66384014
49	chr22	69571438
49	chrX	269412816
49	chrY	35055212
49	chrM	28438
49	root	11309612
49	autosome_multigroup1	31728684
49	sex_multigroup1	7815074
49	acrocentric_multigroup1	11620672
49	metacentric_multigroup1	1765832
49	submetacentric_multigroup1	11811070
25	chr1	365210230
25	chr2	396082186
25	chr3	326485360
25	chr4	312066592
25	chr5	293863640
25	chr6	280741006
25	chr7	250088232
25	chr8	238306956
25	chr9	186641460
25	chr10	215565834
25	chr11	216308404
25	chr12	213543994
25	chr13	163670002
25	chr14	146119318
25	chr15	130934192
25	chr16	122884770
25	chr17	122027300
25	chr18	127090604
25	chr19	79851088
25	chr20	101095690
25	chr21	57197526
25	chr22	56240642
25	chrX	228035196
25	chrY	25339306
25	chrM	22468
25	root	27217876
25	autosome_multigroup1	58469428
25	sex_multigroup1	7800374
25	acrocentric_multigroup1	7339098
25	metacentric_multigroup1	2703332
25	submetacentric_multigroup1	23970976
41	chr1	407978804
41	chr2	435952110
41	chr3	360356780
41	chr4	344384166
41	chr5	324287182
41	chr6	310238696
41	chr7	280528856
41	chr8	262499616
41	chr9	210963876
41	chr10	239688814
41	chr11	240044536
41	chr12	238731240
41	chr13	179789386
41	chr14	163964210
41	chr15	147553898
41	chr16	140139284
41	chr17	139974602
41	chr18	138942620
41	chr19	96690984
41	chr20	113245398
41	chr21	64286630
41	chr22	66257998
41	chrX	261074358
41	chrY	32759278
41	chrM	27268
41	root	14852334
41	autosome_multigroup1	39320110
41	sex_multigroup1	7960036
41	acrocentric_multigroup1	10708426
41	metacentric_multigroup1	2066346
41	submetacentric_multigroup1	14818024
4	chr1	0
4	chr2	0
4	chr3	0
4	chr4	0
4	chr5	0
4	chr6	0
4	chr7	0
4	chr8	0
4	chr9	0
4	chr10	0
4	chr11	0
4	chr12	0
4	chr13	0
4	chr14	0
4	chr15	0
4	chr16	0
4	chr17	0
4	chr18	0
4	chr19	0
4	chr20	0
4	chr21	0
4	chr22	0
4	chrX	0
4	chrY	0
4	chrM	0
4	root	256
4	autosome_multigroup1	0
4	sex_multigroup1	0
4	acrocentric_multigroup1	0
4	metacentric_multigroup1	0
4	submetacentric_multigroup1	0
17	chr1	154019608
17	chr2	165237686
17	chr3	133698572
17	chr4	123375704
17	chr5	119831018
17	chr6	114654482
17	chr7	102656614
17	chr8	98285932
17	chr9	77719044
17	chr10	90912628
17	chr11	90782700
17	chr12	87749496
17	chr13	65144196
17	chr14	59983914
17	chr15	55136164
17	chr16	54024384
17	chr17	53773324
17	chr18	52377140
17	chr19	35283332
17	chr20	44071782
17	chr21	23537662
17	chr22	25157174
17	chrX	88874240
17	chrY	8806840
17	chrM	11946
17	root	141948456
17	autosome_multigroup1	456794636
17	sex_multigroup1	3534228
17	acrocentric_multigroup1	8047936
17	metacentric_multigroup1	19032404
17	submetacentric_multigroup1	234937250
7	chr1	0
7	chr2	0
7	chr3	0
7	chr4	0
7	chr5	0
7	chr6	0
7	chr7	0
7	chr8	0
7	chr9	0
7	chr10	0
7	chr11	0
7	chr12	0
7	chr13	0
7	chr14	0
7	chr15	0
7	chr16	0
7	chr17	0
7	chr18	0
7	chr19	0
7	chr20	0
7	chr21	0
7	chr22	0
7	chrX	0
7	chrY	0
7	chrM	0
7	root	16384
7	autosome_multigroup1	0
7	sex_multigroup1	0
7	acrocentric_multigroup1	0
7	metacentric_multigroup1	0
7	submetacentric_multigroup1	0
6	chr1	0
6	chr2	0
6	chr3	0
6	chr4	0
6	chr5	0
6	chr6	0
6	chr7	0
6	chr8	0
6	chr9	0
6	chr10	0
6	chr11	0
6	chr12	0
6	chr13	0
6	chr14	0
6	chr15	0
6	chr16	0
6	chr17	0
6	chr18	0
6	chr19	0
6	chr20	0
6	chr21	0
6	chr22	0
6	chrX	0
6	chrY	0
6	chrM	0
6	root	4096
6	autosome_multigroup1	0
6	sex_multigroup1	0
6	acrocentric_multigroup1	0
6	metacentric_multigroup1	0
6	submetacentric_multigroup1	0
5	chr1	0
5	chr2	0
5	chr3	0
5	chr4	0
5	chr5	0
5	chr6	0
5	chr7	0
5	chr8	0
5	chr9	0
5	chr10	0
5	chr11	0
5	chr12	0
5	chr13	0
5	chr14	0
5	chr15	0
5	chr16	0
5	chr17	0
5	chr18	0
5	chr19	0
5	chr20	0
5	chr21	0
5	chr22	0
5	chrX	0
5	chrY	0
5	chrM	0
5	root	1024
5	autosome_multigroup1	0
5	sex_multigroup1	0
5	acrocentric_multigroup1	0
5	metacentric_multigroup1	0
5	submetacentric_multigroup1	0
3	chr1	0
3	chr2	0
3	chr3	0
3	chr4	0
3	chr5	0
3	chr6	0
3	chr7	0
3	chr8	0
3	chr9	0
3	chr10	0
3	chr11	0
3	chr12	0
3	chr13	0
3	chr14	0
3	chr15	0
3	chr16	0
3	chr17	0
3	chr18	0
3	chr19	0
3	chr20	0
3	chr21	0
3	chr22	0
3	chrX	0
3	chrY	0
3	chrM	0
3	root	64
3	autosome_multigroup1	0
3	sex_multigroup1	0
3	acrocentric_multigroup1	0
3	metacentric_multigroup1	0
3	submetacentric_multigroup1	0
40	chr1	406130418
40	chr2	434305363
40	chr3	358974762
40	chr4	343089410
40	chr5	323046230
40	chr6	309027743
40	chr7	279241963
40	chr8	261527788
40	chr9	209828895
40	chr10	238675693
40	chr11	239059922
40	chr12	237671731
40	chr13	179135151
40	chr14	163194441
40	chr15	146823004
40	chr16	139368103
40	chr17	139145499
40	chr18	138460628
40	chr19	95909689
40	chr20	112711272
40	chr21	63976240
40	chr22	65778974
40	chrX	259785021
40	chrY	32429683
40	chrM	27076
40	root	15375355
40	autosome_multigroup1	40338528
40	sex_multigroup1	7971974
40	acrocentric_multigroup1	10566603
40	metacentric_multigroup1	2103511
40	submetacentric_multigroup1	15235701
36	chr1	397889620
36	chr2	426884789
36	chr3	352722506
36	chr4	337207347
36	chr5	317437877
36	chr6	303556479
36	chr7	273463390
36	chr8	257108093
36	chr9	204893608
36	chr10	234121009
36	chr11	234623955
36	chr12	232903237
36	chr13	176182079
36	chr14	159763343
36	chr15	143577568
36	chr16	135942406
36	chr17	135493347
36	chr18	136283285
36	chr19	92465297
36	chr20	110339028
36	chr21	62599324
36	chr22	63696172
36	chrX	253895332
36	chrY	30984116
36	chrM	26198
36	root	17705055
36	autosome_multigroup1	44538623
36	sex_multigroup1	8001360
36	acrocentric_multigroup1	9917451
36	metacentric_multigroup1	2248797
36	submetacentric_multigroup1	17008290
2	chr1	0
2	chr2	0
2	chr3	0
2	chr4	0
2	chr5	0
2	chr6	0
2	chr7	0
2	chr8	0
2	chr9	0
2	chr10	0
2	chr11	0
2	chr12	0
2	chr13	0
2	chr14	0
2	chr15	0
2	chr16	0
2	chr17	0
2	chr18	0
2	chr19	0
2	chr20	0
2	chr21	0
2	chr22	0
2	chrX	0
2	chrY	0
2	chrM	0
2	root	16
2	autosome_multigroup1	0
2	sex_multigroup1	0
2	acrocentric_multigroup1	0
2	metacentric_multigroup1	0
2	submetacentric_multigroup1	0
1	chr1	0
1	chr2	0
1	chr3	0
1	chr4	0
1	chr5	0
1	chr6	0
1	chr7	0
1	chr8	0
1	chr9	0
1	chr10	0
1	chr11	0
1	chr12	0
1	chr13	0
1	chr14	0
1	chr15	0
1	chr16	0
1	chr17	0
1	chr18	0
1	chr19	0
1	chr20	0
1	chr21	0
1	chr22	0
1	chrX	0
1	chrY	0
1	chrM	0
1	root	4
1	autosome_multigroup1	0
1	sex_multigroup1	0
1	acrocentric_multigroup1	0
1	metacentric_multigroup1	0
1	submetacentric_multigroup1	0
38	chr1	402187133
38	chr2	430769499
38	chr3	356001729
38	chr4	340297515
38	chr5	320379604
38	chr6	306424060
38	chr7	276486573
38	chr8	259429650
38	chr9	207444515
38	chr10	236503991
38	chr11	236947678
38	chr12	235399295
38	chr13	177731125
38	chr14	161552369
38	chr15	145267854
38	chr16	137725799
38	chr17	137389486
38	chr18	137425384
38	chr19	94253556
38	chr20	111573966
38	chr21	63315972
38	chr22	64772075
38	chrX	256997487
38	chrY	31734847
38	chrM	26658
38	root	16489145
38	autosome_multigroup1	42417205
38	sex_multigroup1	7990519
38	acrocentric_multigroup1	10259137
38	metacentric_multigroup1	2176308
38	submetacentric_multigroup1	16098653
34	chr1	393194448
34	chr2	422599948
34	chr3	349096559
34	chr4	333776861
34	chr5	314183207
34	chr6	300388955
34	chr7	270142756
34	chr8	254530851
34	chr9	202161850
34	chr10	231501347
34	chr11	232063719
34	chr12	230159825
34	chr13	174468096
34	chr14	157807585
34	chr15	141739532
34	chr16	134005957
34	chr17	133449389
34	chr18	135019388
34	chr19	90538688
34	chr20	108995282
34	chr21	61818782
34	chr22	62546405
34	chrX	250429822
34	chrY	30170033
34	chrM	25686
34	root	19029118
34	autosome_multigroup1	46703900
34	sex_multigroup1	8002736
34	acrocentric_multigroup1	9538433
34	metacentric_multigroup1	2318224
34	submetacentric_multigroup1	17971372
39	chr1	404201112
39	chr2	432578898
39	chr3	357523958
39	chr4	341728220
39	chr5	321744270
39	chr6	307756474
39	chr7	277896188
39	chr8	260505018
39	chr9	208656100
39	chr10	237614886
39	chr11	238028614
39	chr12	236561924
39	chr13	178450014
39	chr14	162390762
39	chr15	146061874
39	chr16	138564172
39	chr17	138283982
39	chr18	137955272
39	chr19	95097592
39	chr20	112154270
39	chr21	63652806
39	chr22	65283986
39	chrX	258428000
39	chrY	32088562
39	chrM	26876
39	root	15919906
39	autosome_multigroup1	41372070
39	sex_multigroup1	7982212
39	acrocentric_multigroup1	10416740
39	metacentric_multigroup1	2140452
39	submetacentric_multigroup1	15664220
35	chr1	395594776
35	chr2	424794760
35	chr3	350955792
35	chr4	335537630
35	chr5	315852462
35	chr6	302012404
35	chr7	271841934
35	chr8	255853576
35	chr9	203551400
35	chr10	232841946
35	chr11	233375386
35	chr12	231564084
35	chr13	175347020
35	chr14	158807700
35	chr15	142678322
35	chr16	134993550
35	chr17	134489704
35	chr18	135667382
35	chr19	91518732
35	chr20	109681894
35	chr21	62217818
35	chr22	63131230
35	chrX	252210894
35	chrY	30585780
35	chrM	25944
35	root	18353180
35	autosome_multigroup1	45617164
35	sex_multigroup1	8003324
35	acrocentric_multigroup1	9732674
35	metacentric_multigroup1	2283828
35	submetacentric_multigroup1	17482702
37	chr1	400084952
37	chr2	428872900
37	chr3	354402714
37	chr4	338792228
37	chr5	318945770
37	chr6	305025376
37	chr7	275010348
37	chr8	258298570
37	chr9	206191184
37	chr10	235340538
37	chr11	235813368
37	chr12	234180412
37	chr13	176975698
37	chr14	160677560
37	chr15	144440100
37	chr16	136852260
37	chr17	136459502
37	chr18	136868268
37	chr19	93376226
37	chr20	110968926
37	chr21	62964848
37	chr22	64243024
37	chrX	255489070
37	chrY	31367012
37	chrM	26430
37	root	17083012
37	autosome_multigroup1	43473822
37	sex_multigroup1	7997090
37	acrocentric_multigroup1	10092770
37	metacentric_multigroup1	2212808
37	submetacentric_multigroup1	16545930
33	chr1	390684224
33	chr2	420291628
33	chr3	347138968
33	chr4	331918178
33	chr5	312426576
33	chr6	298681046
33	chr7	268360854
33	chr8	253136938
33	chr9	200721828
33	chr10	230095082
33	chr11	230684600
33	chr12	228685928
33	chr13	173543096
33	chr14	156760444
33	chr15	140760690
33	chr16	132977396
33	chr17	132370784
33	chr18	134337660
33	chr19	89522988
33	chr20	108279828
33	chr21	61402278
33	chr22	61942790
33	chrX	248543330
33	chrY	29735038
33	chrM	25426
33	root	19738090
33	autosome_multigroup1	47800062
33	sex_multigroup1	7999130
33	acrocentric_multigroup1	9333608
33	metacentric_multigroup1	2352760
33	submetacentric_multigroup1	18478326
